Target Word,Level,Type,Taboo 1,Taboo 2,Taboo 3,Taboo 4,Taboo 5,
Statue of Liberty,A2,Proper,New York,Torch,Harbor,Green,USA,
Bake,A1,Verb,Oven,Cake,Cook,Bread,Heat,
Expensive,A2,Adj,Cost,Money,Price,Cheap,Rich,
The Beatles,A1,Proper,Music,Band,Liverpool,Rock,Paul,
Library,A1,Noun,Books,Read,Quiet,Borrow,Silence,
Beautiful,A1,Adj,Pretty,Ugly,Look,Attractive,Gorgeous,
Wander,B2,Verb,Walk,Lost,Move,Travel,Hike,
Supermarket,A1,Noun,Food,Buy,Shop,Grocery,Cart,
New York City,A1,Proper,Apple,Skyline,Skyscrapers,Manhattan,USA,
Borrow,A2,Verb,Lend,Take,Return,Money,Library,
Reliable,B1,Adj,Trust,Depend,Good,Honest,Work,
Sherlock Holmes,B1,Proper,Detective,Watson,London,Mystery,Pipe,
Hospital,A1,Noun,Doctor,Sick,Nurse,Health,Medicine,
Surprise,A2,Noun,Shock,Birthday,Gift,Unexpected,Party,
Sustainable,B2,Adj,Green,Environment,Earth,Future,Lasting,
Hollywood,A2,Proper,Movies,Stars,California,Film,Actor,
Volunteer,B1,Verb,Help,Money,Work,Charity,Free,
Ambitious,B2,Adj,Goal,Success,Hard,Career,Work,
London Bridge,A2,Proper,River,Thames,Falling,City,England,
Purchase,B1,Verb,Buy,Shop,Money,Get,Store,
Frustrating,B2,Adj,Angry,Hard,Annoying,Problem,Difficult,
Mount Everest,B1,Proper,Mountain,High,Climbing,Nepal,Peak,
Airport,A1,Noun,Plane,Fly,Travel,Terminal,Luggage,
Explain,A2,Verb,Understand,Tell,Why,Clear,Speak,
Cozy,B1,Adj,Warm,Small,House,Comfortable,Soft,
Starbucks,A1,Proper,Coffee,Drink,Cup,Seattle,Green,
Exercise,A1,Noun,Sport,Run,Body,Gym,Health,
Decide,A2,Verb,Choice,Pick,Option,Select,Mind,
Anonymous,B2,Adj,Name,Unknown,Secret,Hidden,Identity,
Coca-Cola,A1,Proper,Drink,Soda,Red,Bottle,Sugar,
Environment,B1,Noun,Nature,Earth,Green,Planet,World,
Forgive,B1,Verb,Sorry,Angry,Mistake,Apologize,Past,
Eloquent,B2,Adj,Speak,Word,Fluent,Good,Language,
Big Ben,A2,Proper,London,Clock,Tower,Time,Bell,
Vacation,A1,Noun,Holiday,Travel,Beach,Trip,Summer,
Explore,A2,Verb,Travel,Discover,New,Find,Trip,
Delicious,A1,Adj,Taste,Good,Food,Eat,Yummy,
Walt Disney,A2,Proper,Mickey,Movies,Theme park,Cartoon,World,
Challenge,B1,Noun,Hard,Difficulty,Goal,Problem,Try,
Advertise,B1,Verb,Sell,TV,Product,Commercial,Business,
Courageous,B2,Adj,Brave,Fear,Hero,Strong,Danger,
The White House,A2,Proper,President,Washington,USA,Building,Office,
Restaurant,A1,Noun,Food,Eat,Waiter,Menu,Dinner,
Remember,A2,Verb,Memory,Forget,Mind,Past,Know,
Essential,B2,Adj,Important,Need,Must,Basic,Vital,
Amazon,A1,Proper,Online,Shopping,River,Delivery,Forest,
Furniture,A2,Noun,Table,Chair,House,Wood,Sofa,
Complain,B1,Verb,Bad,Problem,Tell,Angry,Service,
Diverse,B2,Adj,Different,Variety,Mix,Many,Group,
Grand Canyon,B1,Proper,River,Arizona,Rock,Deep,Nature,
Friendship,A1,Noun,Best,Pal,Together,Bond,Close,
Anxious,B2,Adj,Worried,Nervous,Stress,Fear,Calm,
Marriage,A2,Noun,Wedding,Husband,Wife,Ring,Church,
Apologize,B1,Verb,Sorry,Forgive,Mistake,Say,Wrong,
Jealous,B1,Adj,Envy,Green,Covet,Want,Relationship,
Affection,B2,Noun,Love,Hug,Warmth,Care,Feel,
Argue,A2,Verb,Fight,Disagree,Words,Angry,Debate,
Honest,A2,Adj,Truth,Lie,Sincere,Frank,Tell,
Infatuation,B2,Noun,Crush,Love,Brief,Obsessed,Heart,
Grateful,B1,Adj,Thankful,Appreciate,Help,Kind,Good,
Empathy,B2,Noun,Feel,Understand,Others,Compassion,Sympathy,
Colleague,B1,Noun,Work,Office,Job,Partner,Coworker,
Lonely,A2,Adj,Alone,Single,Sad,Friendless,Isolated,
Betray,B2,Verb,Trust,Backstab,Lie,Secret,Cheat,
Charming,B1,Adj,Charisma,Like,Nice,Attractive,Personality,
Divorce,B1,Noun,Split,Marriage,Separate,End,Legal,
Patience,B1,Noun,Wait,Slow,Calm,Time,Angry,
Support,A2,Verb,Help,Back,Give,Care,Pillar,
Insecure,B2,Adj,Shy,Worry,Confidence,Self,Doubt,
Generous,A2,Adj,Give,Share,Money,Kind,Selfless,
Sibling,B1,Noun,Brother,Sister,Family,Related,Same,
Trust,A2,Verb,Believe,Rely,Secret,Truth,Friend,
Sympathetic,B1,Adj,Sorry,Feel,Kind,Listen,Care,
Valentine,A2,Proper,Heart,Love,February,Date,Card,
Enthusiastic,B2,Adj,Excited,Happy,Eager,Energy,Ready,
Acquaintance,B2,Noun,Know,Friend,Person,Hello,Met,
Respect,B1,Verb,Honor,Admire,Value,Look up,High,
Optimistic,B2,Adj,Positive,Hope,Future,Glass,Good,
Cupid,B1,Proper,Arrow,Love,Bow,Roman,God,
Encourage,B1,Verb,Support,Push,Motivate,Help,Try,
Nostalgia,B2,Noun,Past,Memory,Sad,Old,Home,
Introvert,B2,Noun,Shy,Quiet,Alone,People,Inside,
Affable,B2,Adj,Friendly,Kind,Easy,Talk,Nice,
Enemies,A2,Noun,Hate,Fight,War,Rival,Opponent,
Reconcile,B2,Verb,Match,Fix,Agree,Relationship,Peace,
Aggressive,B1,Adj,Angry,Mean,Fight,Force,Hostile,
Loyalty,B2,Noun,Faithful,Always,Stick,Trust,Side,
Romeo,A2,Proper,Juliet,Love,Play,Shakespeare,Romantic,
Compassion,B2,Noun,Pity,Kind,Heart,Feel,Help,
Devoted,B2,Adj,Love,Give,Time,Loyal,Heart,
Heartbreak,B1,Noun,Sad,Breakup,End,Cry,Pain,
Gossip,B1,Verb,Talk,Rumor,People,Secret,Whispering,
Frustrated,B2,Adj,Annoyed,Hard,Upset,Stuck,Give up,
Kindness,A2,Noun,Nice,Good,Help,Caring,Act,
Adore,B1,Verb,Love,Like,Worship,Idol,Great,
Miserable,B1,Adj,Sad,Very,Bad,Unhappy,Poor,
Sincere,B2,Adj,Honest,Truth,Mean,Real,Heart,
Comfort,A2,Verb,Better,Feel,Sad,Help,Hug,
Computer,A1,Noun,Screen,Keyboard,PC,Laptop,Mouse,
Internet,A1,Noun,Web,Online,WiFi,Connection,Website,
Gravity,A2,Noun,Earth,Fall,Down,Newton,Space,
NASA,A2,Proper,Space,Rocket,Moon,Astronaut,Agency,
Download,A2,Verb,Internet,File,Save,Install,Computer,
Smartphone,A1,Noun,Phone,Screen,App,Mobile,iPhone,
Discover,A2,Verb,Find,New,Science,Research,First,
Efficient,B1,Adj,Fast,Work,Quick,Result,Waste,
Silicon Valley,B1,Proper,Tech,Google,Apple,California,Business,
Software,B1,Noun,Program,Windows,Computer,Application,Code,
Observe,B1,Verb,Look,Watch,Science,Study,Eye,
Artificial,B2,Adj,AI,Fake,Human,Man-made,Robot,
The Internet,A1,Proper,Web,World,Network,Google,Online,
Electricity,A2,Noun,Power,Light,Wire,Battery,Shock,
Innovative,B2,Adj,New,Idea,Tech,Creative,Modern,
Algorithm,B2,Noun,Math,Computer,Code,Social Media,Step,
Microsoft,A2,Proper,Bill Gates,Windows,Computer,Office,Software,
Satellite,B1,Noun,Space,Orbit,GPS,TV,Signal,
Analyze,B2,Verb,Data,Study,Look,Science,Result,
Virtual,B2,Adj,Reality,Digital,Fake,VR,Screen,
SpaceX,B1,Proper,Elon Musk,Rocket,Mars,Space,Starlink,
Battery,A2,Noun,Power,Charge,Phone,Energy,Alkaline,
Browse,B1,Verb,Web,Internet,Look,Search,Page,
Precise,B2,Adj,Exact,Correct,Measurement,Detail,Accuracy,
Isaac Newton,B2,Proper,Gravity,Apple,Physics,Scientist,Law,
Robot,A1,Noun,Machine,Metal,Human,AI,Future,
Examine,B1,Verb,Check,Test,Study,Look,Doctor,
Digital,B1,Adj,Analog,Computer,Number,Electronic,Tech,
Facebook,A1,Proper,Social Media,Meta,Mark Zuckerberg,App,Online,
Measure,A2,Verb,Size,Rule,Meters,Length,Scale,
Obsolete,B2,Adj,Old,Gone,Replace,Fashion,Technology,
Instagram,A1,Proper,Photos,App,Meta,Social Media,Filter,
Experiment,B1,Noun,Science,Test,Laboratory,Try,Result,
Develop,B1,Verb,Make,Grow,Software,Create,Progress,
Complex,B2,Adj,Hard,Simple,Many,Difficult,Detail,
Tesla,A2,Proper,Elon Musk,Car,Electric,Battery,Tech,
Microscope,B1,Noun,Small,Science,Look,Lab,Lens,
Communicate,A2,Verb,Talk,Speak,Message,Tell,Signal,
Durable,B2,Adj,Strong,Lasting,Long,Material,Quality,
CERN,B2,Proper,Physics,Particles,Switzerland,Science,Collider,
Energy,B1,Noun,Power,Electricity,Sun,Force,Fuel,
Search,A1,Verb,Find,Google,Look,Internet,Website,
Automatic,B1,Adj,Machine,Self,Manual,Easy,Fast,
Bluetooth,A2,Proper,Wireless,Connect,Phone,Audio,Link,
Climate,B1,Noun,Weather,Warming,Earth,Nature,Temperature,
React,B1,Verb,Action,Response,Chemistry,Change,Feel,
Versatile,B2,Adj,Many,Uses,Adaptable,Change,Different,
Wikipedia,A1,Proper,Information,Site,Encyclopedia,Online,Article,
Laboratory,B1,Noun,Science,Lab,Experiment,Test,Scientist,
Passport,A1,Noun,ID,Travel,Border,Document,Country,
Baggage,A2,Noun,Suitcase,Bag,Travel,Carry,Airport,
London,A1,Proper,England,UK,Thames,Big Ben,Capital,
Depart,A2,Verb,Leave,Go,Flight,Start,Time,
Destination,B1,Noun,Arrival,Place,End,Travel,Goal,
Foreign,B1,Adj,Country,Different,Strange,Overseas,Language,
The Eiffel Tower,A1,Proper,Paris,France,Monument,Iron,Tall,
Journey,B1,Noun,Trip,Travel,Long,Road,Way,
Scenic,B2,Adj,Beautiful,View,Nature,Picture,Landscape,
Disney World,A1,Proper,Orlando,Florida,Mickey,Park,Theme,
Accommodation,B1,Noun,Hotel,Stay,Room,Housing,Place,
Navigate,B2,Verb,Map,GPS,Find,Way,Direction,
Crowded,A2,Adj,People,Full,Many,Busy,City,
The Great Wall,A2,Proper,China,Long,Stone,Asia,Border,
Reservation,A2,Noun,Book,Hotel,Table,Advance,Ticket,
Itinerary,B2,Noun,Plan,Schedule,Travel,List,Route,
Exotic,B2,Adj,Strange,Tropical,New,Island,Far,
Times Square,A2,Proper,New York,Lights,Broadway,City,Billboards,
Passenger,A2,Noun,Traveler,Ride,Seat,Car,Plane,
Arrive,A1,Verb,Reach,End,Destination,Come,Time,
Luxurious,B1,Adj,Expensive,Rich,Fancy,High,Quality,
Machu Picchu,B1,Proper,Peru,Incas,Mountain,Ruins,South America,
Sightseeing,A2,Noun,Tour,Visit,Monument,Look,Tourist,
Hike,A2,Verb,Walk,Mountain,Nature,Forest,Boots,
Picturesque,B2,Adj,Pretty,Small,Town,Old,Charming,
The Alps,A2,Proper,Mountains,Europe,Ski,Snow,Switzerland,
Immigration,B1,Noun,Border,Country,Entry,Passport,Legal,
Backpack,A1,Noun,Bag,Travel,Carry,School,Hiking,
Breathtaking,B2,Adj,Amazing,View,Beautiful,Gasp,Stunning,
Las Vegas,A2,Proper,Nevada,Casino,Gambling,Lights,Strip,
Transportation,B1,Noun,Bus,Train,Car,Move,Way,
Spacious,B2,Adj,Large,Room,Big,Wide,Space,
The Sahara,A2,Proper,Desert,Africa,Sand,Hot,Dry,
Currency,B1,Noun,Money,Exchange,Dollar,Euro,Pay,
Venture,B2,Verb,Go,Risk,Try,Dare,Start,
Ancient,B1,Adj,Old,History,Past,Roman,Greek,
Mount Fuji,A2,Proper,Japan,Volcano,Mountain,Snow,Peak,
Embassy,B2,Noun,Country,Government,Visa,Official,Diplomacy,
Cruise,A2,Noun,Ship,Sea,Ocean,Vacation,Boat,
Tranquil,B2,Adj,Calm,Quiet,Peace,Nature,Relax,
Expedition,B2,Noun,Trip,Research,Science,Long,Group,
Commute,B1,Verb,Work,Travel,Train,Daily,Office,
Vibrant,B2,Adj,Color,Life,Energy,City,Active,
Sydney Opera House,A2,Proper,Australia,Building,Music,White,Harbor,
Visa,B1,Noun,Passport,Country,Entry,Paper,Document,
Kitchen,A1,Noun,Cook,Room,House,Stove,Food,
Recipe,A2,Noun,Cook,Instructions,Book,Ingredients,Make,
Vegetarian,A2,Noun,Meat,Animal,Diet,Eat,Plant,
Gordon Ramsay,B1,Proper,Chef,TV,Cook,Angry,Hell's Kitchen,
Ingredients,B1,Noun,Food,List,Recipe,Items,Components,
Marinate,B2,Verb,Sauce,Meat,Soak,Flavor,Wait,
McDonald's,A1,Proper,Burger,Fast food,Frites,Clown,Chain,
Whisk,B1,Verb,Eggs,Mix,Bowl,Beat,Tool,
Nutritious,B2,Adj,Healthy,Food,Good,Body,Vitamin,
Cuisine,B1,Noun,Food,Style,Cooking,French,Italian,
Simmer,B2,Verb,Boil,Water,Heat,Slow,Cook,
Appetizing,B2,Adj,Look,Food,Hungry,Good,Eat,
Bakery,A1,Noun,Bread,Cake,Shop,Buy,Pastry,
Flavor,A2,Noun,Taste,Mouth,Sweet,Spicy,Good,
Garnish,B2,Verb,Decorate,Plate,Food,Top,Herb,
Julia Child,B2,Proper,Chef,French,TV,Cookbook,Woman,
Organic,B1,Adj,Natural,Farming,Healthy,Chemical,Green,
Ferment,B2,Verb,Yeast,Bread,Beer,Sugar,Change,
Breakfast,A1,Noun,Morning,Eat,Egg,Cereal,Meal,
Kellogg's,A2,Proper,Cereal,Breakfast,Cornflakes,Milk,Brand,
Spicy,A2,Adj,Hot,Pepper,Chili,Burn,Mouth,
Preserve,B2,Verb,Keep,Food,Jam,Can,Long,
Dessert,A1,Noun,Sweet,After,Cake,Sugar,Meal,
Ben & Jerry's,A2,Proper,Ice cream,Cold,Sweet,Chunky,Brand,
Savory,B2,Adj,Salty,Taste,Sweet,Flavor,Meat,
Utensil,B1,Noun,Fork,Spoon,Tool,Kitchen,Eat,
Michelin Guide,B2,Proper,Star,Restaurant,Food,Red,Review,
Authentic,B2,Adj,Real,Original,TRUE,Food,Cuisine,
Chopping board,B1,Noun,Cut,Knife,Wood,Vegetables,Kitchen,
Munch,B2,Verb,Eat,Snack,Noise,Crunch,Bite,
Nespresso,A2,Proper,Coffee,Capsule,Machine,Drink,George Clooney,
Refreshment,B1,Noun,Drink,Cold,Water,Fete,Break,
Seasoning,B1,Noun,Salt,Pepper,Spice,Flavor,Add,
Bitter,B1,Adj,Taste,Sweet,Coffee,Tongue,Sour,
Tabasco,B1,Proper,Hot,Sauce,Spicy,Pepper,Bottle,
Aroma,B2,Noun,Smell,Nose,Food,Good,Scent,
Dine,B1,Verb,Eat,Restaurant,Dinner,Meal,Table,
Crispy,A2,Adj,Crunchy,Fried,Sound,Potato,Dry,
Whole Foods,B1,Proper,Market,Organic,Grocery,Shop,Amazon,
Sizzle,B2,Verb,Sound,Hot,Pan,Fry,Cook,
Beverage,B2,Noun,Drink,Liquid,Water,Soda,Alcohol,
Edible,B2,Adj,Eat,Safe,Food,Can,Mouth,
Heinz,A2,Proper,Ketchup,Tomato,Sauce,Bottle,Beans,
Grill,A2,Verb,Meat,Fire,Outside,BBQ,Cook,
Zest,B2,Noun,Lemon,Orange,Peel,Flavor,Fruit,
Promotion,B1,Noun,Job,Higher,Level,Success,Position,
Salary,A2,Noun,Money,Month,Pay,Work,Income,
Interview,A2,Noun,Job,Questions,Employer,Talk,Hire,
Google,A1,Proper,Search,Company,Internet,Tech,Work,
Resign,B2,Verb,Quit,Leave,Job,Notice,Letter,
Deadline,B1,Noun,Time,Finish,Date,Limit,Work,
Unemployed,B1,Adj,Job,Work,Money,Looking,No,
Collaborate,B2,Verb,Together,Work,Team,Group,With,
LinkedIn,B1,Proper,Job,Social media,Network,Career,Profile,
Retirement,B1,Noun,Old,Work,Stop,Pension,Age,
Productive,B2,Adj,Work,Fast,Result,Time,Efficient,
Candidate,B1,Noun,Job,Person,Interview,Applicant,Choose,
Wall Street,B2,Proper,Finance,Money,New York,Stock,Bank,
Redundant,B2,Adj,Job,Lose,Company,Cut,Work,
Manager,A2,Noun,Boss,Lead,Team,Work,Office,
Apple,A1,Proper,iPhone,Mac,Steve Jobs,Company,Tech,
Experience,B1,Noun,Work,Time,Past,Skills,Know,
Negotiate,B2,Verb,Price,Money,Talk,Agree,Salary,
Ford,A2,Proper,Car,Truck,Auto,Company,Henry,
Flexible,B1,Adj,Change,Time,Easy,Work,Hours,
Apprentice,B2,Noun,Learn,Student,Job,Work,Skill,
Employer,B1,Noun,Boss,Company,Job,Hires,Work,
Nike,A1,Proper,Sport,Shoes,Just Do It,Clothes,Brand,_Inc.
Freelance,B2,Adj,Self,Work,Own,Client,Independent,
Strategy,B2,Noun,Plan,Goal,Business,Future,Action,
Overtime,B1,Noun,Extra,Work,Hours,Money,Pay,
Consultant,B2,Noun,Advice,Expert,Work,Business,Help,
Incentive,B2,Noun,Bonus,Reward,Work,Money,Reason,
Qualified,B1,Adj,Skills,Job,Expert,Right,Degree,
FedEx,A2,Proper,Mail,Package,Box,Delivery,Shipping,
Industry,B1,Noun,Business,Work,Area,Field,Production,
Motivation,B1,Noun,Work,Reason,Drive,Goal,Try,
Permanent,B1,Adj,Always,Long,Job,Full,Contract,
Workshop,B2,Noun,Learn,Class,Group,Work,Meeting,
Objective,B2,Noun,Goal,Target,Work,Plan,Aim,
Leadership,B2,Noun,Leader,Boss,Team,Guide,Ability,
Remote,B1,Adj,Home,Work,Internet,Office,Away,
Insurance,B1,Noun,Money,Safe,Pay,Health,Policy,
The World Bank,B2,Proper,Money,Country,Global,Finance,Organization,
Portfolio,B2,Noun,Work,Examples,Artist,Show,Collection,
Multitask,B2,Verb,Many,Same,Time,Doing,Work,
Muscle,A2,Noun,Body,Strong,Gym,Arm,Bone,
Medicine,A1,Noun,Doctor,Pharmacy,Pill,Sick,Drug,
Stamina,B2,Noun,Energy,Long,Run,Endurance,Last,
The Red Cross,A2,Proper,Help,Doctor,Hospital,War,Symbol,
Hydrated,B1,Adj,Water,Drink,Thirsty,Liquid,Body,
Stretch,A2,Verb,Yoga,Muscle,Reach,Body,Exercise,
Sedentary,B2,Adj,Sit,Move,Office,Active,Lifestyle,
Tylenol,A2,Proper,Pain,Headache,Pill,Medicine,Drug,
Nutrition,B1,Noun,Food,Healthy,Diet,Body,Eating,
Recover,B1,Verb,Better,Sick,Health,Heal,Injury,
Flexibility,B2,Noun,Stretch,Yoga,Move,Body,Bending,
Peloton,B1,Proper,Bike,Exercise,Cycle,Screen,Home,
Symptoms,B1,Noun,Sick,Disease,Sign,Doctor,Feeling,
Workout,A1,Noun,Gym,Exercise,Sport,Training,Fit,
Contagious,B2,Adj,Sick,Spread,Catch,Virus,Others,
Fitbit,A2,Proper,Watch,Step,Track,Exercise,Heart,
Metabolism,B2,Noun,Body,Energy,Food,Burn,Weight,
Exhausted,B1,Adj,Tired,Sleep,Energy,Weak,Fatigue,
Vitamins,A2,Noun,Pills,Health,Body,C,Daily,
NHS,A2,Proper,UK,Hospital,Doctor,Government,Health,
Aerobic,B1,Adj,Oxygen,Heart,Exercise,Cardio,Run,
Therapy,B1,Noun,Help,Doctor,Mind,Talk,Better,
Chronic,B2,Adj,Long,Pain,Always,Time,Sick,
Mayo Clinic,B2,Proper,Hospital,USA,Doctor,Research,Medical,
Balanced,B1,Adj,Diet,Good,Health,Middle,Eating,
Perspire,B2,Verb,Sweat,Hot,Water,Skin,Exercise,
Posture,B1,Noun,Back,Sit,Straight,Body,Shoulders,
SoulCycle,B1,Proper,Bike,Spin,Studio,Music,Exercise,
Immunity,B2,Noun,Body,Sick,Protect,Vaccine,Virus,
Hygienic,B2,Adj,Clean,Wash,Hands,Propre,Health,
Calorie,A2,Noun,Food,Energy,Weight,Burn,Number,
Weight Watchers,B1,Proper,Diet,Eat,Points,Loss,Food,
Inhale,B1,Verb,Breathe,Air,Nose,Lungs,Inside,
Active,A1,Adj,Move,Sport,Gym,Busy,Exercise,
Resilient,B2,Adj,Strong,Back,Hard,Mind,Tough,
Gatorade,A2,Proper,Drink,Sport,Water,Blue,Thirsty,
Routine,B1,Noun,Daily,Habit,Every day,Plan,Schedule,
Sore,A2,Adj,Pain,Muscle,Hurt,Body,Gym,
Wellness,B1,Noun,Health,Mind,Body,Good,Life,
CrossFit,B1,Proper,Gym,Hard,Exercise,Lift,Workout,
Nutrient,B2,Noun,Food,Body,Vitamin,Good,Healthy,
Diagnose,B2,Verb,Doctor,Problem,Sick,Find,Test,
Strenuous,B2,Adj,Hard,Difficult,Work,Exercise,Energy,
Band-Aid,A1,Proper,Cut,Skin,Hurt,Blood,Tape,
Allergy,A2,Noun,Sick,Pollen,Food,Reaction,Sneeze,
Prescription,B1,Noun,Doctor,Medicine,Paper,Pharmacy,Drug,
Dehydrated,B2,Adj,Water,Dry,Drink,Thirsty,Liquid,
World Health Organization,B1,Proper,UN,Global,Health,Diseases,Agency,
Fatigue,B2,Noun,Tired,Exhausted,Sleep,Weak,Energy,
Wholesome,B2,Adj,Healthy,Good,Food,Natural,Simple,
Director,A2,Noun,Film,Movie,Camera,Boss,Action,
Audience,B1,Noun,People,Watch,Show,Public,Theater,
Subtitles,B1,Noun,Language,Screen,Bottom,Read,Translation,
Netflix,A1,Proper,Movie,Series,Stream,Watch,Online,
Broadcast,B2,Verb,Radio,TV,Show,Live,Send,
Celebrity,A2,Noun,Famous,Star,Known,Person,Famous,
Spoiler,B1,Noun,Ending,Plot,Tell,Secret,Movie,
The Oscars,B1,Proper,Awards,Movie,Actor,Statue,Hollywood,
Journalism,B2,Noun,News,Reporter,Writing,Media,Newspaper,
Documentary,B1,Noun,TRUE,Real,Film,History,Educational,
Viral,B2,Adj,Internet,Video,Share,Fast,Social media,
Disney,A1,Proper,Mickey,Cartoon,Movie,Land,Magic,
Commercial,A2,Noun,Ad,TV,Sell,Break,Money,
Plot,B1,Noun,Story,Book,Movie,Happens,Script,
Censorship,B2,Noun,Ban,Control,Media,Cut,Freedom,
YouTube,A1,Proper,Video,Watch,Channel,Internet,Google,
Review,A2,Noun,Avis,Opinion,Star,Comment,Film,
Streaming,B1,Noun,Online,Watch,Internet,Live,Service,
The BBC,B1,Proper,UK,News,British,Radio,Channel,
Script,B1,Noun,Write,Lines,Actor,Play,Movie,
Influencer,B1,Noun,Instagram,Social media,Followers,Online,Marketing,
TikTok,A1,Proper,Video,App,Short,Dance,China,
Protagonist,B2,Noun,Main,Character,Hero,Story,Lead,
Premiere,B2,Noun,First,Show,Night,Opening,Movie,
Subscribe,A2,Verb,Join,Channel,Follow,Newsletter,Button,
Fictional,B1,Adj,Fake,Story,Made up,Book,Imaginary,
Performance,B1,Noun,Act,Show,Stage,Sing,Theater,
Marvel,A2,Proper,Comics,Superhero,Avengers,Movie,Stan Lee,
Engaging,B2,Adj,Interesting,Fun,Hold,Attention,Good,
Podcast,A2,Noun,Audio,Listen,Episodes,Radio,Talk,
Exclusive,B2,Adj,Only,Single,News,Private,Special,
Warner Bros,B1,Proper,Studio,Movie,Batman,Looney Tunes,Logo,
Feature,B1,Noun,Main,Highlight,Article,Include,Show,
Captivating,B2,Adj,Beautiful,Hold,Attention,Enchanting,Look,
Spotify,A1,Proper,Music,Stream,Song,Playlist,Artist,
Divert,B2,Verb,Change,Turn,Attention,Away,Entertainment,
Cast,A2,Noun,Actors,Group,Film,Play,Team,
Iconic,B2,Adj,Famous,Symbol,Classic,Known,Sign,
MTV,A2,Proper,Music,TV,Channel,Video,90s,
Dialogue,B1,Noun,Talking,Words,Speak,Conversation,Script,
Publicity,B2,Noun,Media,Attention,News,Ad,Famous,
Cinematic,B2,Adj,Movie,Film,Visual,Camera,Look,
Pixar,A2,Proper,Disney,Animation,Toy Story,Computer,Cartoon,
Genre,B1,Noun,Type,Category,Style,Book,Music,
Tabloid,B2,Noun,Newspaper,Gossip,Famous,Paper,Scandal,
Student,A1,Noun,School,Learn,Class,Study,Pupil,
Harvard,B1,Proper,University,Ivy League,Boston,College,Smart,
Research,B1,Noun,Science,Study,Find,Information,Lab,
Memorize,B2,Verb,Learn,Brain,Remember,Mind,Heart,
Elementary,A2,Adj,School,Young,Kids,Primary,Basic,
Oxford,B1,Proper,University,England,Old,Degree,College,
Certificate,B1,Noun,Paper,Official,Course,Finish,Degree,
Plagiarism,B2,Noun,Copy,Cheat,Steal,Writing,Original,
Classroom,A1,Noun,Teacher,Desks,School,Room,Students,
Graduation,A2,Noun,Finish,Diploma,Degree,Cap,School,
Curriculum,B2,Noun,Plan,Subjects,School,Learn,Course,
MIT,B2,Proper,Tech,Boston,Science,University,Engineering,
Knowledge,B1,Noun,Know,Brain,Information,Learn,Wisdom,
Assignment,B1,Noun,Homework,Task,Teacher,Work,School,
Fluent,B1,Adj,Language,Speak,Good,Easy,Talk,
Duolingo,A1,Proper,Language,App,Learn,Green,Bird,
Lecture,B1,Noun,University,Professor,Talk,Class,Listen,
Tuition,B2,Noun,Money,Cost,Pay,University,School,
Inquisitive,B2,Adj,Ask,Questions,Curious,Learn,Know,
Stanford,B2,Proper,California,University,Tech,College,Palo Alto,
Notebook,A1,Noun,Write,Paper,Pen,School,Pages,
Scholarship,B1,Noun,Money,Free,Study,University,Pay,
Cambridge,B1,Proper,University,England,Old,Bridge,College,
Discipline,B2,Noun,Rule,Order,Behavior,School,Follow,
Academic,B2,Adj,School,Study,University,Books,Learn,
Khan Academy,B1,Proper,Video,Online,Learn,Math,Sal,
Subject,A1,Noun,Math,History,Class,Science,Topic,
Evaluate,B2,Verb,Check,Test,Judge,Grade,Result,
Literacy,B2,Noun,Read,Write,Education,Books,Learn,
The Sorbonne,B2,Proper,Paris,University,France,Old,Education,
Dictionary,A1,Noun,Words,Meaning,Definition,Book,Language,
Tutorial,B1,Noun,Help,Guide,Learn,How to,Video,
Pedagogy,B2,Noun,Teach,Method,Education,Teacher,Way,
Sesame Street,A2,Proper,TV,Kids,Elmo,Learn,Puppets,
Mastery,B2,Noun,Good,Expert,Skill,Perfect,Learn,
Encyclopedia,B1,Noun,Information,Book,Facts,Wikipedia,Knowledge,
Princeton,B2,Proper,University,Ivy League,New Jersey,Old,College,
Substitute,B1,Noun,Teacher,Change,Instead,Stand in,Person,
British Council,B1,Proper,English,Learn,UK,Exams,International,
Vocabulary,A2,Noun,Words,Language,List,Learn,Speak,
Comprehensive,B2,Adj,Full,All,Complete,Detail,Everything,
Innovation,B2,Noun,New,Idea,Change,Create,Future,
Yale,B2,Proper,University,Ivy League,Connecticut,Old,Blue,
Attend,B1,Verb,Go,Class,Present,Be there,Meeting,
Concentrate,B1,Verb,Focus,Think,Mind,Study,Attention,
Receipt,A2,Noun,Paper,Buy,Proof,Money,Store,
Discount,A2,Noun,Sale,Cheap,Price,Off,Less,
Walmart,A1,Proper,Store,Shop,Supermarket,USA,Retail,
Affordable,B1,Adj,Cheap,Price,Money,Buy,Cost,
Customer,A1,Noun,Person,Buyer,Shop,Client,Service,
E-commerce,B2,Noun,Online,Internet,Shop,Buy,Business,
eBay,A2,Proper,Auction,Bid,Online,Sell,Buy,
Bargain,B1,Noun,Cheap,Price,Deal,Good,Buy,
Refund,B1,Noun,Money,Back,Return,Store,Receipt,
Inventory,B2,Noun,Stock,Store,Items,List,Goods,
Wholesale,B2,Adj,Bulk,Large,Price,Cheap,Business,
Warranty,B2,Noun,Guarantee,Fix,Broken,Time,Contract,
Alibaba,B2,Proper,China,Online,Jack Ma,Business,Global,
Transaction,B2,Noun,Pay,Buy,Money,Bank,Deal,
Exorbitant,B2,Adj,Price,Expensive,High,Too much,Cost,
Convenience,B1,Noun,Easy,Fast,Store,Service,Near,
IKEA,A1,Proper,Furniture,Sweden,Blue,Yellow,Home,
Consumer,B1,Noun,Person,Buyer,People,Market,Product,
Profitable,B2,Adj,Money,Business,Gain,Success,Earnings,
Budget,B1,Noun,Money,Plan,Limit,Cost,Spend,
Trolley,A2,Noun,Cart,Wheels,Shop,Food,Supermarket,
Amazon Prime,B1,Proper,Delivery,Fast,Subscription,Shipping,Video,
Endorse,B2,Verb,Famous,Support,Ad,Brand,Sign,
Lucrative,B2,Adj,Money,Profit,Gain,Business,Success,
Quality,A2,Noun,Good,Bad,Standard,Value,High,
Vendor,B2,Noun,Seller,Shop,Market,Person,Business,
Counterfeit,B2,Adj,Fake,FALSE,Money,Copy,Illegal,
Checkout,A2,Noun,Pay,Register,End,Store,Line,
Costco,A2,Proper,Bulk,Warehouse,Membership,Large,Cheap,
Debt,B1,Noun,Money,Owe,Bank,Pay,Borrow,
Retail,B1,Noun,Store,Shop,Customer,Sell,Business,
Mastercard,A1,Proper,Credit,Card,Pay,Bank,Money,
Supply,B1,Noun,Stock,Give,Demand,Need,Provide,
Economy,B1,Noun,Money,Country,Market,Finance,Business,
Premium,B2,Adj,High,Quality,Price,Extra,Best,
Commission,B2,Noun,Money,Sale,Extra,Earn,Percent,
Atmosphere,B1,Noun,Feel,Mood,Store,Place,Vibe,
Lego,A1,Proper,Toy,Blocks,Bricks,Build,Denmark,
Outsource,B2,Verb,Company,Work,Away,Country,Business,
Marketplace,B1,Noun,Area,Sell,Shop,Online,Amazon,
Democracy,B1,Noun,Vote,People,Freedom,Election,Government,
President,A1,Noun,Leader,Chief,USA,Country,White House,
Parliament,B2,Noun,Laws,UK,Government,Vote,Members,
United Nations,B1,Proper,Global,World,NY,Peace,Countries,
Election,A2,Noun,Vote,Choice,Candidate,Ballot,Results,
Citizenship,B1,Noun,Passport,Country,Right,National,People,
Corruption,B2,Noun,Money,Bad,Illegal,Politics,Steal,
Legislation,B2,Noun,Laws,Rules,Government,Parliament,Act,
Diplomacy,B2,Noun,Talk,Countries,Peace,Foreign,Discussion,
Equality,B1,Noun,Same,Rights,Fair,Justice,Level,
The European Union,B1,Proper,Europe,Brussels,Countries,Euro,Euroskepticism,
Campaign,B1,Noun,Election,Vote,Candidate,Ad,Promote,
Justice,B1,Noun,Law,Court,Fair,Judge,Right,
Opposition,B2,Noun,Against,Party,Government,Other,Side,
Nelson Mandela,B1,Proper,South Africa,Peace,Prison,Apartheid,Leader,
Monarchy,B1,Noun,King,Queen,Royal,Family,Crown,
Constitution,B2,Noun,Laws,Rights,Paper,Rules,Government,
Freedom,A1,Noun,Rights,Libre,Speak,Choice,Prison,
NATO,B2,Proper,Defense,Alliance,Military,War,Western,
Authority,B2,Noun,Power,Control,Boss,Official,Government,
Lobbyist,B2,Noun,Money,Influence,Laws,Group,Politics,
Barack Obama,A2,Proper,President,USA,Democrat,First,Hawaii,
Policy,B1,Noun,Rules,Government,Plan,Law,Decision,
Reform,B2,Noun,Change,New,Better,Law,Improve,
Activist,B2,Noun,Change,Protest,Cause,Rights,People,
Downing Street,B1,Proper,UK,Prime Minister,London,10,Government,
Referendum,B2,Noun,Vote,People,Yes,No,Decision,
Sanctions,B2,Noun,Ban,Trade,Punish,Country,Economy,
Red Cross,B1,Proper,Help,War,Blood,Medical,Aid,
Territory,B1,Noun,Land,Area,Country,Border,Region,
Debate,B1,Verb,Talk,Argument,Discussion,Opposition,Speech,
Sovereign,B2,Adj,Power,King,Independent,Country,Control,
Greenpeace,B1,Proper,Environment,Earth,Protest,Ocean,Climate,
Protest,B1,Noun,Manifestation,Street,Gens,Angry,Change,
Mayor,A2,Noun,City,Chef,Mairie,Town,Official,
Winston Churchill,B2,Proper,UK,Prime Minister,WWII,History,Leader,
Ambassador,B2,Noun,Foreign,Country,Diplomacy,Official,Travel,
Petition,B2,Noun,Sign,Paper,Names,Change,Ask,
Neutral,B1,Adj,Side,Choose,Neither,Switzerland,Middle,
The Capitol,B1,Proper,Washington,Building,Laws,USA,Congress,
Bureaucracy,B2,Noun,Paperwork,Rules,Slow,System,Government,
Coalition,B2,Noun,Parties,Together,Group,Government,Alliance,
Propaganda,B2,Noun,Information,Fake,Convince,Ads,Politics,
Capitol Hill,B2,Proper,Washington,Politics,Congress,USA,District,
Ideology,B2,Noun,Ideas,Belief,Political,Thought,System,
Consensus,B2,Noun,Agree,Together,All,Group,Opinion,
Landscape,B1,Noun,View,Scenery,Nature,Painting,Horizon,
Wildlife,A2,Noun,Animals,Nature,Forest,Birds,Protection,
Sustainability,B2,Noun,Green,Future,Environment,Lasting,Earth,
Ecosystem,B2,Noun,Nature,Balance,Life,Biology,Environment,
Pollution,A2,Noun,Dirty,Air,Water,Smoke,Waste,
Conservation,B2,Noun,Protect,Nature,Save,Animal,Area,
The Amazon,A1,Proper,River,Forest,Brazil,Trees,Rain,
Renewable,B1,Adj,Energy,Sun,Wind,Clean,New,
Glacier,B1,Noun,Ice,Mountain,Cold,Frozen,Water,
The Great Barrier Reef,B1,Proper,Coral,Australia,Ocean,Sea,Fish,
Evaporate,B2,Verb,Water,Dry,Heat,Steam,Liquid,
Drought,B1,Noun,Dry,Rain,Water,No,Thirsty,
National Geographic,A2,Proper,Magazine,Channel,Nature,Animals,Photo,
Biodiversity,B2,Noun,Species,Life,Nature,Plants,Animals,
Hazardous,B2,Adj,Danger,Toxic,Risk,Harmful,Bad,
Habitat,B1,Noun,Home,Animal,Nature,Place,Live,
Fertile,B2,Adj,Soil,Land,Grow,Plants,Agriculture,
Horizon,B1,Noun,Sky,Land,Line,Loin,See,
WWF,B1,Proper,Panda,Animal,Protect,Nature,Fund,
Endangered,B1,Adj,Animal,Extinct,Die,Few,Safe,
Deforestation,B2,Noun,Trees,Cut,Forest,Wood,Environment,
Tsunami,B1,Noun,Wave,Ocean,Giant,Water,Disaster,
Yellowstone,B1,Proper,Park,USA,Bear,Nature,Geyser,
Recycle,A2,Verb,Bin,Plastic,Paper,Waste,Again,
Abundant,B2,Adj,Many,Full,Plenty,Rich,A lot,
Precipitation,B2,Noun,Rain,Snow,Water,Sky,Weather,
The Nile,A2,Proper,Egypt,River,Africa,Long,Water,
Volcano,A2,Noun,Lava,Mountain,Fire,Hot,Eruption,
Captivity,B2,Noun,Zoo,Cage,Wild,Free,Keep,
The Grand Canyon,A2,Proper,Arizona,USA,Deep,River,Rocks,
Hemisphere,B2,Noun,Globe,North,South,Earth,Half,
Fossil Fuel,B1,Noun,Oil,Coal,Gas,Energy,Old,
Charles Darwin,B2,Proper,Evolution,Science,Birds,Ship,Origin,
Erosion,B2,Noun,Soil,Water,Wind,Stone,Change,
Resource,B1,Noun,Natural,Use,Water,Supply,Oil,
Lush,B2,Adj,Green,Plants,Garden,Rich,Forest,
Patagonia,B1,Proper,South America,Mountains,Hiking,Brand,Glacier,
Catastrophe,B2,Noun,Bad,Disaster,Event,End,Destroy,
Wilderness,B2,Noun,Nature,No people,Wild,Forest,Untouched,
Stagnant,B2,Adj,Stop,Water,Move,Still,Dirty,
Solar,A2,Adj,Sun,Energy,Panel,Light,Power,
Equator,B1,Noun,Middle,Line,Earth,Hot,Half,
Photography,A2,Noun,Camera,Picture,Photo,Take,Lens,
Gardening,A2,Noun,Flowers,Plants,Outside,Grow,Dirt,
Amusement Park,A2,Noun,Rides,Rollercoaster,Fun,Disney,Tickets,
Nintendo,A1,Proper,Switch,Mario,Games,Video,Japan,
Meditation,B1,Noun,Quiet,Mind,Relax,Breath,Zen,
Pottery,B2,Noun,Clay,Hands,Wheel,Bowl,Ceramic,
Fascinating,B2,Adj,Interesting,Very,Amazing,Cool,Watch,
Knitting,B1,Noun,Wool,Needles,Sweater,Yarn,Clothes,
Tournament,B1,Noun,Game,Sport,Win,Team,Play,
Addicted,B2,Adj,Stop,Always,Habit,Bad,Hooked,
PlayStation,A1,Proper,Sony,Games,Console,Controller,Video,
Scuba diving,B1,Noun,Ocean,Water,Underwater,Oxygen,Fish,
Collect,A2,Verb,Stamps,Keep,Group,Hobby,Find,
Adventurous,B2,Adj,Brave,Risk,New,Exciting,Try,
Comic-Con,B1,Proper,Costume,Movies,Fans,San Diego,Books,
Marathon,B1,Noun,Run,Race,Long,Miles,Finish,
Recreation,B2,Noun,Fun,Leisure,Free time,Play,Activity,
Relaxing,A2,Adj,Calm,Easy,Quiet,Rest,Chill,
Monopoly,A2,Proper,Board game,Money,Property,Hotel,Dice,
Billiards,B1,Noun,Pool,Table,Stick,Balls,Green,
Socialize,B1,Verb,Friends,People,Talk,Party,Meet,
Amateur,B2,Noun,Not professional,Beginner,Hobby,Skill,Start,
The Sims,A2,Proper,Game,House,Virtual,Life,Electronic Arts,
Woodworking,B2,Noun,Build,Tools,Tree,Furniture,Carpenter,
Compete,B1,Verb,Win,Game,Sport,Against,Rival,
Exhilarating,B2,Adj,Exciting,High,Fun,Rush,Feeling,
YouTube Kids,A1,Proper,Video,Children,Watch,App,Safe,
Origami,B1,Noun,Paper,Fold,Japan,Bird,Art,
Unwind,B2,Verb,Relax,Rest,Stop,Work,Calm,
Solitary,B2,Adj,Alone,One,Single,Person,Only,
Scrabble,A2,Proper,Words,Board game,Letters,Tiles,Points,
Camping,A2,Noun,Tent,Outside,Sleep,Nature,Forest,
Engage,B1,Verb,Do,Start,Activity,With,Join,
Spontaneous,B2,Adj,Quick,Plan,No,Surprise,Suddenly,
Chess.com,B1,Proper,Play,Game,Online,Board,Strategy,
Karaoke,A2,Noun,Sing,Music,Microphone,Bar,Voice,
Participate,B1,Verb,Join,Do,With,Team,Part,
Therapeutic,B2,Adj,Better,Health,Help,Calm,Good,
Burning Man,B2,Proper,Festival,Desert,Nevada,Art,Fire,
Journaling,B1,Noun,Write,Book,Diary,Thoughts,Daily,
Indulge,B2,Verb,Give in,Enjoy,Fun,Do,treat,
Athletic,B1,Adj,Sport,Body,Fit,Strong,Active,
Clue,A2,Proper,Board game,Murder,Mystery,Cards,Room,
Astronomy,B1,Noun,Stars,Sky,Telescope,Night,Space,
Master,B2,Verb,Good,Skill,Learn,Perfect,Expert,
Tedious,B2,Adj,Boring,Long,Slow,Hard,Interest,
Pokémon,A1,Proper,Cards,Game,Pikachu,Catch,Nintendo,
Hiking,A2,Noun,Walk,Mountain,Nature,Forest,Boots,
Entertain,B1,Verb,Fun,Laugh,Show,People,Performance,
Skyscraper,A2,Noun,Tall,Building,City,High,Steel,
Empire State Building,A2,Proper,New York,Tall,Skyscraper,Manhattan,Building,
Foundation,B1,Noun,Bottom,Ground,Under,Building,Start,
Renovate,B2,Verb,Fix,Old,New,House,Change,
Burj Khalifa,B1,Proper,Dubai,Tallest,Building,Tower,World,
Apartment,A1,Noun,Flat,Rent,Building,Live,Room,
Blueprint,B2,Noun,Plan,Draw,Architecture,Design,Paper,
Metropolitan,B2,Adj,City,Large,Area,Urban,Center,
The Louvre,A1,Proper,Museum,Paris,Pyramid,Art,France,
Corridor,B1,Noun,Hallway,Walk,Inside,Long,Passage,
Construct,B1,Verb,Build,Make,Worker,Structure,Site,
Antique,B2,Adj,Old,Valuable,Furniture,Past,Style,
The Pentagon,A2,Proper,Washington,Five,Defense,Military,Building,
Staircase,A2,Noun,Steps,Up,Down,Floor,Climb,
Skylight,B2,Noun,Window,Roof,Sun,Light,Glass,
Residential,B1,Adj,Houses,Live,Area,Neighborhood,People,
Colosseum,A2,Proper,Rome,Italy,Gladiators,Arena,History,
Terrace,B1,Noun,Balcony,Outside,Sit,Roof,Flat,
Demolish,B2,Verb,Destroy,Down,Knock,Building,Machine,
Industrial,B1,Adj,Factory,Work,Business,Zone,Large,
Buckingham Palace,A2,Proper,London,Queen,King,Royal,England,
Basement,A2,Noun,Under,Ground,Floor,Low,House,
Façade,B2,Noun,Front,Outside,Face,Building,Look,
Golden Gate Bridge,A2,Proper,San Francisco,Red,Orange,California,Suspension,
Column,B1,Noun,Pillar,Greek,Support,Tall,Stone,
Dwell,B2,Verb,Live,House,Stay,Home,Inhabit,
Gothic,B2,Adj,Style,Dark,Cathedral,Church,History,
The Parthenon,B1,Proper,Greece,Athens,Temple,Ancient,History,
Balcony,A2,Noun,Outside,Apartment,View,High,Window,
Urban,B1,Adj,City,Town,Center,Street,Metropolis,
Fallingwater,B2,Proper,Frank Lloyd Wright,House,Waterfall,Architecture,Famous,
Insulation,B2,Noun,Warm,Heat,Walls,Cold,House,
Inhabit,B2,Verb,Live,People,House,Stay,Place,
Monumental,B2,Adj,Large,Big,Important,History,Size,
The Shard,B1,Proper,London,Glass,Tall,Building,Point,
Attic,A2,Noun,Roof,Top,Storage,Upstairs,Old,
Reinforce,B2,Verb,Strong,Steel,Build,Support,Extra,
Minimalist,B2,Adj,Simple,Clean,Less,Style,Modern,
St. Basil's Cathedral,B1,Proper,Moscow,Russia,Colors,Red Square,Onion,
Ceiling,A1,Noun,Top,Room,Above,Fan,Head,
Symmetrical,B2,Adj,Same,Both,Sides,Mirror,Design,
Aesthetic,B2,Adj,Beautiful,Style,Look,Design,Art,
The Gherkin,B2,Proper,London,Building,Pickle,Office,Glass,
Concrete,B1,Noun,Grey,Stone,Build,Hard,Road,
Veneer,B2,Noun,Cover,Thin,Layer,Surface,Wood,
Functional,B1,Adj,Useful,Work,Easy,Design,Practical,
Wardrobe,A2,Noun,Closet,Clothes,Room,Bedroom,Furniture,
Tailor,B1,Noun,Suit,Sew,Fix,Cut,Cloth,
Chanel,B1,Proper,Coco,Parfum,France,Luxury,Fashion,
Accessories,B1,Noun,Hat,Belt,Bag,Jewelry,Extra,
Embroider,B2,Verb,Sew,Design,Thread,Decorate,Pattern,
Elegant,B2,Adj,Beautiful,Fancy,Style,Classy,Graceful,
Levi's,A2,Proper,Jeans,Denim,Blue,Pants,Brand,
Sneakers,A1,Noun,Shoes,Sport,Feet,Run,Tennis,
Garment,B2,Noun,Clothing,Item,Piece,Cloth,Wear,
Oversized,B1,Adj,Big,Large,Loose,Fit,Style,
Gucci,B1,Proper,Italy,Luxury,Bag,Belt,Fashion,
Texture,B1,Noun,Feel,Soft,Rough,Fabric,Surface,
Manufacture,B2,Verb,Make,Factory,Create,Produce,Industry,
Adidas,A1,Proper,Sport,Shoes,Three,Stripes,Germany,
Cardigan,A2,Noun,Sweater,Buttons,Wool,Warm,Knitted,
Synthetic,B2,Adj,Man-made,Fake,Plastic,Polyester,Natural,
Trend,B1,Noun,Popular,New,Fashion,Style,Now,
Zara,A1,Proper,Store,Shop,Spain,Clothing,Fast fashion,
Boutique,B2,Noun,Shop,Small,Store,Fashion,Expensive,
Fitting room,A2,Noun,Try on,Mirror,Store,Change,Clothes,
H&M,A1,Proper,Sweden,Store,Clothing,Cheap,Shop,
Outfit,A2,Noun,Clothes,Set,Wear,Style,Today,
Catwalk,B2,Noun,Model,Fashion show,Walk,Runway,Stage,
Sophisticated,B2,Adj,Smart,Complex,Classy,Style,Mature,
Louis Vuitton,B1,Proper,Bag,Luxury,LV,Monogram,France,
Fabric,B1,Noun,Material,Cloth,Cotton,Soft,Textile,
Stitch,B1,Noun,Sew,Needle,Thread,Join,Line,
Casual,A2,Adj,Normal,Daily,Jeans,Relaxed,Dressy,
Vogue,B1,Proper,Magazine,Fashion,Model,Editor,Bible,
Mannequin,B2,Noun,Dummy,Model,Store,Window,Plastic,
Tucked,B1,Verb,Shirt,In,Pants,Belt,Neat,
Flamboyant,B2,Adj,Bright,Showy,Crazy,Color,Attention,
Ray-Ban,A2,Proper,Sunglasses,Eyes,Glasses,Cool,Aviator,
Merchant,B2,Noun,Seller,Buyer,Trade,Business,Shop,
Distressed,B2,Adj,Old,Jeans,Torn,Holes,Ripped,
Cosmetic,B1,Adj,Beauty,Face,Makeup,Look,Skin,
Dior,B1,Proper,Christian,France,Fashion,Luxury,New Look,
Textile,B2,Noun,Fabric,Cloth,Industry,Cotton,Material,
Vintage,B1,Adj,Old,Past,Classic,Style,Second-hand,
Pattern,A2,Noun,Design,Lines,Squares,Print,Repeat,
Prada,B1,Proper,Italy,Luxury,Devil,Fashion,Bag,
Formal,B1,Adj,Suit,Dress,Event,Wedding,Office,
Alteration,B2,Noun,Change,Fix,Tailor,Fit,Sew,
Victoria's Secret,B1,Proper,Pink,Model,Lingerie,Angel,Show,
Jewelry,A2,Noun,Necklace,Ring,Gold,Silver,Earrings,
Costume,A2,Noun,Party,Halloween,Dress up,Actor,Movie,
Empire,B1,Noun,Kingdom,Roman,Power,Land,Colony,
Mythology,B1,Noun,Gods,Stories,Legends,Greek,Greek,
Julius Caesar,B1,Proper,Rome,Emperor,Senate,Brutus,March,
Archeology,B2,Noun,Dig,Past,History,Stone,Old,
Dynasty,B2,Noun,Family,China,Kings,Rule,Power,
Legendary,B1,Adj,Famous,Myth,Story,Great,Known,
Zeus,A2,Proper,God,Greek,Olympus,Sky,Thunder,
Artifact,B2,Noun,Old,Object,Museum,History,Found,
Revolution,B1,Noun,Change,War,France,Government,Fight,
Civilization,B1,Noun,Society,People,Culture,City,World,
Cleopatra,B1,Proper,Egypt,Queen,Nile,Anthony,Beauty,
Knight,A2,Noun,Armor,Horse,Middle Ages,Sword,Fight,
Ancestor,B1,Noun,Family,Past,Old,Relatives,Grandparents,
Prophecy,B2,Noun,Future,Predict,Oracle,Tell,Story,
The Great Sphinx,B1,Proper,Egypt,Sand,Lion,Pyramid,Nose,
Fortress,B2,Noun,Castle,Wall,Safe,Protect,Building,
Medieval,B1,Adj,Middle Ages,Knight,Castle,Old,History,
Conquer,B2,Verb,Win,War,Take,Land,Victory,
Stonehenge,B1,Proper,England,Rocks,Circle,Ancient,History,
Philosophy,B1,Noun,Thinking,Mind,Greek,Ideas,Socrates,
Hierarchy,B2,Noun,Order,Rank,Power,Level,System,
Immortal,B2,Adj,Die,Never,Live,God,Forever,
Hercules,A2,Proper,Strong,Greek,Hero,Labors,Twelve,
Renaissance,B1,Noun,Art,History,Italy,Da Vinci,New,
Invasion,B1,Noun,War,Enter,Army,Country,Fight,
Sacred,B2,Adj,Holy,God,Religion,Temple,Respect,
The Colosseum,A2,Proper,Rome,Italy,Arena,Gladiator,History,
Chronicle,B2,Noun,Story,History,Book,Record,Order,
Decipher,B2,Verb,Read,Code,Translate,Understand,Secret,
King Arthur,B1,Proper,Sword,Excalibur,Camelot,Round Table,Knight,
Traditional,A2,Adj,Old,Custom,Culture,Past,Always,
Viking,A2,Proper,North,Ship,Norse,Sea,War,
Ritual,B1,Noun,Tradition,Cereomony,Religion,Custom,Act,
Inherit,B1,Verb,Family,Money,Past,Get,Die,
Primitive,B2,Adj,Basic,Old,Simple,Caveman,First,
Thor,A2,Proper,Hammer,Norse,God,Thunder,Marvel,
Monument,B1,Noun,Statue,Building,History,Memory,Stone,
Divine,B2,Adj,God,Holy,Sky,Perfect,Religion,
Legacy,B2,Noun,Past,Memory,History,Leave,Behind,
Era,B1,Noun,Time,History,Period,Age,Years,
Slavery,B1,Noun,People,Work,History,Freedom,Owned,
Atlantis,B1,Proper,City,Lost,Water,Ocean,Greek,
Folklore,B2,Noun,Stories,Culture,Old,People,Tales,
Conspiracy,B2,Noun,Secret,Plan,Theory,Hidden,Group,
Prejudice,B2,Noun,Bias,Judge,Opinion,Racism,Unfair,
Amnesty International,B1,Proper,Rights,Human,Prison,Help,Global,
Boycott,B2,Verb,Stop,Buy,Protest,Refuse,Company,
Ethics,B2,Noun,Moral,Right,Wrong,Philosophy,Values,
Black Lives Matter,B1,Proper,Protest,Rights,Movement,Justice,USA,
Poverty,B1,Noun,Poor,Money,No,Hunger,Living,
Discriminate,B2,Verb,Unfair,Treat,Race,Gender,Bias,
Philanthropy,B2,Noun,Money,Give,Charity,Rich,Help,
Unicef,A2,Proper,Children,Help,UN,Global,Agency,
Advocate,B2,Noun,Support,Speak,Lawyer,Cause,Help,
Diversity,B1,Noun,Different,Many,Group,People,Variety,
Malala Yousafzai,B1,Proper,Girl,Education,Nobel,Pakistan,Books,
Stereotype,B2,Noun,Idea,General,People,Group,Common,
Welfare,B1,Noun,Help,Money,State,Government,Support,
Integration,B2,Noun,Together,Mix,Society,Join,Group,
Inclusion,B1,Noun,All,Part,Group,Inside,Welcome,
Privilege,B2,Noun,Easy,Advantage,Rich,Right,Status,
Empower,B2,Verb,Strong,Power,Help,Confidence,Give,
The Salvation Army,B1,Proper,Charity,Help,Religion,Uniform,Poor,
Segregation,B2,Noun,Separate,Apart,Race,History,History,
Harassment,B2,Noun,Bad,Words,Bully,Work,Aggressive,
Virtue,B2,Noun,Good,Moral,Quality,Right,Ethics,
Doctor Without Borders,B1,Proper,MSF,Help,War,Medical,Global,
Compromise,B1,Noun,Agree,Middle,Deal,Both,Settlement,
Solidarity,B2,Noun,Together,Support,Group,Stand,Unity,
Altruism,B2,Noun,Kind,Selfless,Give,Help,Others,
Me Too Movement,B2,Proper,Women,Social media,Silence,Harassment,Twitter,
Tolerance,B1,Noun,Accept,Respect,Different,Opinion,Open,
Greta Thunberg,A2,Proper,Climate,Earth,Sweden,Girl,Protest,
Refugee,B1,Noun,War,Flee,Escape,Country,Safe,
Accountability,B2,Noun,Responsible,Answer,Mistake,Action,Blame,
Habitat for Humanity,B1,Proper,House,Build,Help,Poor,Volunteers,
Exploitation,B2,Noun,Use,Unfair,Work,Money,Bad,
Transparent,B2,Adj,Clear,Honest,See,Through,Open,
Human Rights Watch,B2,Proper,Global,Monitor,Abuse,Report,Justice,
Dignity,B2,Noun,Respect,Self,Proud,Human,Worth,
Oppression,B2,Noun,Control,Unfair,Power,Freedom,Force,
World Wide Fund,B1,Proper,Panda,Nature,Protect,Animal,Environment,
Violation,B2,Noun,Break,Law,Rule,Right,Action,
Sanctity,B2,Noun,Holy,Sacred,Life,Religion,Respect,
Astronaut,A2,Noun,Space,NASA,Rocket,Moon,Suit,
Galaxy,B1,Noun,Stars,Milky Way,Space,Universe,Big,
Telescope,A2,Noun,Stars,Look,Sky,Lens,Space,
Neil Armstrong,A2,Proper,Moon,First,Walk,NASA,Space,
Orbit,B1,Verb,Circle,Round,Earth,Space,Moon,
The Milky Way,A2,Proper,Galaxy,Stars,Sky,Night,Space,
Planet,A1,Noun,Earth,Mars,Space,Round,Sun,
Hubble,B1,Proper,Telescope,Space,NASA,Photos,Stars,
Eclipse,B1,Noun,Sun,Moon,Dark,Shadow,Sky,
Hypothesis,B2,Noun,Theory,Idea,Test,Science,Guess,
Mars,A1,Proper,Red,Planet,Space,Elon Musk,Fourth,
Comet,B1,Noun,Space,Ice,Tail,Sky,Star,
Radiation,B2,Noun,Energy,Nuclear,Danger,Invisible,Sun,
Chemical,B1,Noun,Science,Liquid,Lab,Reaction,Mixture,
The Big Bang,B1,Proper,Start,Universe,Space,Theory,Explosion,
Velocity,B2,Noun,Speed,Fast,Physics,Direction,Move,
International Space Station,B1,Proper,ISS,Orbit,NASA,Astronauts,Lab,
Meteorite,B1,Noun,Rock,Space,Fall,Earth,Sky,
Magnetism,B2,Noun,North,South,Force,Pull,Metal,
Vacuum,B1,Noun,Empty,Space,Air,No,Clean,
Stephen Hawking,B1,Proper,Physics,Black Hole,Theory,Scientist,Chair,
Asteroid,B1,Noun,Space,Rock,Belt,Large,Hit,
Universe,B1,Noun,Space,Everything,Big,Galaxy,Stars,
Reaction,B1,Noun,Science,Change,Result,Chemical,Action,
Voyager,B2,Proper,Space,Probe,NASA,Distance,Record,
Black Hole,B1,Noun,Space,Dark,Gravity,Star,Pull,
Discovery,A2,Noun,Find,New,Science,First,Search,
Apollo 11,B1,Proper,Moon,NASA,Armstrong,Mission,Space,
Fusion,B2,Noun,Energy,Sun,Nuclear,Join,Together,
Physics,B1,Noun,Science,Math,Energy,Gravity,Study,
Biological,B2,Adj,Life,Nature,Science,Body,Living,
The James Webb Telescope,B2,Proper,NASA,Space,Telescope,Stars,Infrared,
Equation,B2,Noun,Math,Numbers,Formula,Science,Equal,
Dense,B2,Adj,Heavy,Thick,Hard,Material,Solid,
Saturn,A1,Proper,Planet,Rings,Space,Sixth,Giant,
Evolution,B2,Noun,Change,Darwin,Life,History,Science,
Masterpiece,B1,Noun,Art,Best,Great,Painting,Work,
Exhibition,B1,Noun,Museum,Art,Show,Gallery,See,
Poetry,A2,Noun,Write,Rhyme,Words,Verse,Poem,
Mona Lisa,A1,Proper,Da Vinci,Louvre,Painting,Smile,Woman,
Sculpture,B1,Noun,Statue,Stone,Art,Carve,Object,
Metaphor,B2,Noun,Like,Word,Compare,Language,As,
Portrait,B1,Noun,Face,Person,Painting,Picture,Look,
William Shakespeare,A2,Proper,Play,Writer,Hamlet,Romeo,Theater,
Novel,A2,Noun,Book,Story,Read,Fiction,Long,
Abstract,B2,Adj,Art,Shape,Color,Modern,Idea,
Van Gogh,A2,Proper,Painter,Ear,Sunflowers,Starry Night,Dutch,
Canvas,B1,Noun,Paint,Art,Cloth,White,Picture,
Illustration,B1,Noun,Picture,Draw,Book,Image,Artist,
Biography,B1,Noun,Book,Life,Person,TRUE,Story,
The Great Gatsby,B1,Proper,Book,Fitzgerald,American,Novel,Party,
Sketch,A2,Verb,Draw,Pencil,Quick,Paper,Art,
Creativity,B1,Noun,Idea,Make,Art,New,Mind,
Picasso,A2,Proper,Artist,Spain,Cubism,Painter,Blue,
Contemporary,B2,Adj,Modern,Now,Art,Time,New,
Studio,A2,Noun,Room,Artist,Work,Paint,Place,
The Odyssey,B2,Proper,Homer,Greek,Story,Hero,Ancient,
Gallery,A2,Noun,Art,Show,Museum,Pictures,Wall,
Literary,B2,Adj,Books,Writing,Read,Author,Study,
Perspective,B2,Noun,View,Art,Look,Distance,Point,
Harry Potter,A1,Proper,Wizard,Magic,Book,Rowling,Hogwarts,
Symphony,B1,Noun,Music,Orchestra,Classic,Instruments,Song,
Curator,B2,Noun,Museum,Art,Job,Manage,Collection,
Marvel Comics,A1,Proper,Superhero,Spider-Man,Book,Avengers,Stan Lee,
Composition,B2,Noun,Art,Music,Part,Place,Design,
Poignant,B2,Adj,Sad,Feeling,Story,Touch,Emotion,
Museum,A1,Noun,Art,History,See,Old,Building,
The Statue of David,B1,Proper,Michelangelo,Italy,Stone,Sculpture,Man,
Inspire,B1,Verb,Idea,Give,Creative,Mind,Motivation,
Jane Austen,B1,Proper,Writer,Pride and Prejudice,Book,English,Woman,
Eloquence,B2,Noun,Speak,Words,Writing,Good,Language,
Frankenstein,B1,Proper,Monster,Book,Shelley,Science,Horror,
Mural,B2,Noun,Wall,Painting,Art,Large,Street,
Drama,A2,Noun,Play,Theater,Actor,Emotion,Story,
Beethoven,A2,Proper,Music,Piano,Classic,Deaf,Composer,
Verse,B2,Noun,Poem,Poetry,Line,Song,Write,
Critics,B1,Noun,Review,Opinion,Judge,Art,Movie,
Appliance,B1,Noun,Machine,Kitchen,Fridge,Home,Electricity,
Decoration,A2,Noun,Beautiful,Room,Home,Style,Ornament,
Dyson,A2,Proper,Vacuum,Fan,Air,Clean,Machine,
Organize,B1,Verb,Clean,Order,Put away,Place,Sort,
Airbnb,A1,Proper,Rent,House,Stay,Travel,App,
Maintain,B1,Verb,Keep,Fix,Work,Care,Repair,
Domestic,B2,Adj,Home,House,Family,Inside,Country,
Tupperware,B1,Proper,Plastic,Box,Food,Kitchen,Storage,
Clutter,B2,Noun,Mess,Many,Things,Clean,Organize,
Home Depot,A2,Proper,Store,Build,Tools,Fix,House,
Neighborhood,A1,Noun,Area,Houses,Live,Street,Near,
Eco-friendly,B1,Adj,Green,Nature,Good,Environment,Safe,
Assemble,B2,Verb,Build,Make,Together,Part,IKEA,
Fragrant,B2,Adj,Smell,Good,Flower,Nose,Scent,
Martha Stewart,B2,Proper,Home,Cook,TV,Woman,Decorate,
Pottery Barn,B1,Proper,Furniture,Store,Home,Decoration,Expensive,
Courtyard,B1,Noun,Outside,Middle,Open,Garden,Building,
Household,B1,Noun,Family,Home,People,Group,Live,
Mr. Clean,A2,Proper,White,Bald,Wash,Product,Man,
Compost,B2,Verb,Food,Waste,Soil,Garden,Recycle,
Rustic,B2,Adj,Old,Country,Style,Wood,Simple,
Etsy,B1,Proper,Online,Handmade,Buy,Sell,Craft,
Pantry,B2,Noun,Food,Store,Kitchen,Closet,Shelf,
Pyrex,B2,Proper,Glass,Kitchen,Oven,Bake,Bowl,
Chore,A2,Noun,Work,Home,Clean,Task,Boring,
Illuminate,B2,Verb,Light,Sun,Lamp,Bright,Dark,
Polished,B2,Adj,Shiny,Clean,Surface,Floor,New,
KitchenAid,B1,Proper,Mixer,Kitchen,Machine,Red,Bake,
Well-being,B2,Noun,Health,Happy,Life,Good,Feel,
Nursery,B1,Noun,Baby,Room,Child,Small,Bedroom,
Curiosity,B1,Noun,Know,Question,Ask,Mars,Interest,
Deduction,B2,Noun,Logic,Sherlock,Think,Result,Money,
Flashlight,A2,Noun,Light,Dark,Battery,Hand,Torch,
Generosity,B1,Noun,Give,Kind,Money,Share,Help,
Hologram,B2,Noun,Light,3D,Image,Future,Laser,
Invention,A2,Noun,Create,New,Idea,Patent,First,
Journalist,B1,Noun,News,Write,Reporter,Paper,Press,
Keyboard,A1,Noun,Type,Computer,Keys,Piano,Letters,
Metropolis,B2,Noun,City,Large,Urban,Superman,Big,
Evidence,B1,Noun,Prove,Crime,Police,Found,Fact,
Witness,B1,Noun,See,Court,Person,Talk,Truth,
Alibi,B2,Noun,Place,Crime,Time,Proof,Else,
Handcuffs,A2,Noun,Police,Hands,Metal,Arrest,Lock,
Detective,A2,Noun,Solve,Crime,Police,Mystery,Find,
Suspect,B1,Noun,Person,Think,Police,Crime,Maybe,
Scotland Yard,B1,Proper,Police,London,UK,Detective,Crime,
Verdict,B2,Noun,Jury,Judge,End,Decision,Guilty,
Guilty,A2,Adj,Bad,Done,Crime,Court,Wrong,
Prison,A1,Noun,Jail,Cell,Lock,Criminal,Stay,
FBI,A2,Proper,USA,Agent,Federal,Crime,Government,
Investigation,B1,Noun,Search,Police,Find,Case,Check,
Illegal,A2,Adj,Law,Against,Wrong,Crime,Forbidden,
Attorney,B1,Noun,Lawyer,Court,Law,Legal,Defend,
Interrogate,B2,Verb,Ask,Questions,Police,Talk,Answer,
Kidnap,B1,Verb,Take,Person,Money,Steal,Away,
Interpol,B2,Proper,International,Police,Global,Crime,Network,
Burglary,B1,Noun,Steal,House,Night,Rob,Thief,
Consequence,B2,Noun,Result,After,Happens,Action,Bad,
Mistrial,B2,Noun,Court,Law,Judge,Error,End,
Alcatraz,B1,Proper,Prison,Island,San Francisco,Escape,Jail,
Smuggle,B2,Verb,Bring,Secret,Border,Illegal,Country,
Fine,A2,Noun,Money,Pay,Police,Ticket,Wrong,
Confess,B1,Verb,Tell,Truth,Said,Did,Wrong,
CIA,B1,Proper,Spy,USA,Secret,Agent,Intelligence,
Sentence,B1,Noun,Jail,Judge,Time,Court,Punishment,
Defense,B1,Noun,Attorney,Court,Side,Not,Guilty,
Judge Judy,B1,Proper,TV,Court,Woman,Law,Show,
Testify,B2,Verb,Speak,Court,Witness,Truth,Box,
Forgery,B2,Noun,Fake,Copy,Money,Sign,Signature,
Patrol,B1,Verb,Police,Watch,Area,Street,Drive,
Amnesty,B2,Noun,Freedom,Pardon,Release,Forgive,Government,
Vandalism,B1,Noun,Destroy,Paint,Spray,Graffiti,Wall,
The Godfather,B1,Proper,Movie,Mafia,Marlon Brando,Family,Crime,
Plaintiff,B2,Noun,Court,Person,Accuse,Start,Case,
Hurricane,A2,Noun,Wind,Storm,Ocean,Tropical,Eye,
Tornado,A2,Noun,Wind,Spin,Funnel,Storm,Twister,
Humidity,B1,Noun,Water,Air,Sticky,Hot,Wet,
Mount Vesuvius,B1,Proper,Volcano,Italy,Pompeii,Eruption,Lava,
Blizzard,B1,Noun,Snow,Wind,Cold,Storm,Winter,
Forecast,A2,Noun,Weather,Predict,Report,TV,Future,
Thunder,A1,Noun,Sound,Sky,Lightning,Storm,Noise,
El Niño,B2,Proper,Weather,Pacific,Ocean,Warm,Current,
Avalanche,B2,Noun,Snow,Mountain,Slide,Fall,Ice,
The Gulf Stream,B2,Proper,Ocean,Current,Atlantic,Warm,Water,
Lightning,A2,Noun,Flash,Sky,Thunder,Electric,Storm,
Temperature,A1,Noun,Hot,Cold,Degree,Thermometer,Weather,
Flood,A2,Noun,Water,Rain,River,Wet,Cover,
Aurora Borealis,B2,Proper,Lights,North,Sky,Green,Night,
Mist,B1,Noun,Fog,Cloud,Water,Ground,See,
Tropical,A2,Adj,Hot,Island,Palm,Rain,Beach,
Death Valley,B1,Proper,Hot,California,Desert,Dry,USA,
Rainbow,A1,Noun,Colors,Sky,Rain,Sun,Seven,
Barometer,B2,Noun,Pressure,Air,Measure,Weather,Tool,
The Dust Bowl,B2,Proper,USA,Dry,History,Farm,Storm,
Monsoon,B2,Noun,Rain,Season,Asia,India,Wind,
Breeze,A2,Noun,Wind,Light,Small,Cool,Air,
Fuji,A1,Proper,Mountain,Japan,Peak,Snow,Volcano,
Sleet,B1,Noun,Rain,Snow,Ice,Cold,Sky,
Haze,B2,Noun,Dust,Air,Fog,See,Smoke,
Cyclical,B2,Adj,Repeat,Circle,Season,Pattern,Again,
Beaufort Scale,B2,Proper,Wind,Measure,Speed,Number,Sea,
Gale,B2,Noun,Wind,Strong,Storm,Sea,Blow,
Ozone,B2,Noun,Layer,Sky,Gas,Earth,Protect,
Frost,B1,Noun,Ice,Cold,Morning,White,Frozen,
Katrina,B1,Proper,Hurricane,New Orleans,Storm,2005,Flood,
Typhoon,B1,Noun,Storm,Ocean,Wind,Asia,Hurricane,
Visibility,B2,Noun,See,Fog,Clear,Distance,Eyes,
Shower,A1,Noun,Rain,Short,Small,Weather,Cloud,
Alps,A2,Proper,Mountains,Europe,Snow,Ski,France,
Skeleton,A2,Noun,Bones,Body,Skull,White,Inside,
Capillary,B2,Noun,Blood,Vessel,Small,Vein,Artery,
Sigmund Freud,B1,Proper,Dreams,Psychology,Doctor,Mind,Father,
Diaphragm,B2,Noun,Breathe,Muscle,Lungs,Chest,Stomach,
Nostalgic,B1,Adj,Past,Memory,Home,Old,Feeling,
Ligament,B2,Noun,Bone,Joint,Connect,Tissue,Injury,
The Mona Lisa,A1,Proper,Smile,Face,Painting,Woman,Louvre,
Intestine,B1,Noun,Stomach,Digest,Food,Gut,Inside,
Skeptical,B2,Adj,Doubt,Believe,Question,Sure,TRUE,
Adrenaline,B1,Noun,Rush,Fear,Heart,Energy,Body,
Vertebrae,B2,Noun,Back,Spine,Bones,Column,Skeleton,
Humiliated,B1,Adj,Shame,Embarrassed,Public,Proud,Bad,
Pancreas,B2,Noun,Organ,Insulin,Digest,Sugar,Body,
Inside Out,A2,Proper,Movie,Pixar,Emotions,Joy,Sadness,
Cartilage,B2,Noun,Bone,Ear,Nose,Soft,Joint,
Eyelashes,A1,Noun,Eyes,Hair,Face,Lid,Blink,
Albert Einstein,A1,Proper,Smart,Physics,Theory,Hair,Genius,
Kidney,B1,Noun,Organ,Filter,Blood,Water,Body,
Euphoria,B2,Noun,Happy,High,Feeling,Great,Ecstasy,
Shoulder blade,B1,Noun,Back,Bone,Flat,Shoulder,Skeleton,
Mickey Mouse,A1,Proper,Disney,Ear,Cartoon,Black,Walt,
Antibody,B2,Noun,Blood,Sick,Immune,Protect,Virus,
Anxiety,B1,Noun,Worry,Nervous,Stress,Feel,Future,
Abdomen,B2,Noun,Stomach,Belly,Torso,Body,Middle,
The Thinker,B1,Proper,Statue,Rodin,Man,Pose,Art,
Collarbone,B1,Noun,Neck,Shoulder,Bone,Top,Skeleton,
The Rock,A2,Proper,Dwayne Johnson,Muscle,Actor,Strong,Wrestling,
Hemoglobin,B2,Noun,Blood,Red,Oxygen,Iron,Cell,
Ambivalent,B2,Adj,Two,Ideas,Decide,Feel,Mixed,
Adam's apple,B1,Noun,Neck,Throat,Men,Voice,Jump,
Circulation,B1,Noun,Blood,Heart,Flow,Body,Round,
Knuckle,A2,Noun,Finger,Hand,Joint,Punch,Fist,
Marie Curie,B1,Proper,Science,Radium,Radioactive,Nobel,Woman,
Mount Rushmore,A2,Proper,Faces,Presidents,South Dakota,Stone,Rock,
Amelia Earhart,B1,Proper,Pilot,Plane,Fly,Lost,Atlantic,
Taj Mahal,A1,Proper,India,White,Temple,Agra,Marble,
The Serengeti,B1,Proper,Africa,Safari,Animals,Tanzania,Lion,
Frida Kahlo,B2,Proper,Artist,Mexico,Painter,Eyebrow,Self-portrait,
Easter Island,B1,Proper,Statues,Heads,Stone,Pacific,Chile,
Galileo Galilei,B2,Proper,Telescope,Stars,Earth,Center,Italy,
The Grand Bazaar,B2,Proper,Market,Istanbul,Turkey,Shop,Old,_Istanbul
Rosa Parks,A2,Proper,Bus,Rights,Seat,Alabama,Movement,
The Panama Canal,B1,Proper,Water,Ship,Ocean,Central America,Bridge,